logAge,Umag,Bmag,Vmag,,,,logAge,Umag,Bmag,Vmag,,,,logAge,Umag,Bmag,Vmag
9.6,22.607,19.983,18.146,,,,9.65,22.606,19.983,18.146,,,,9.7,22.606,19.983,18.145
9.6,22.087,19.5,17.672,,,,9.65,22.087,19.5,17.672,,,,9.7,22.087,19.499,17.671
9.6,21.03,18.588,16.793,,,,9.65,21.028,18.587,16.792,,,,9.7,21.506,18.957,17.14
9.6,20.989,18.557,16.764,,,,9.65,19.477,17.367,15.66,,,,9.7,21.025,18.585,16.79
9.6,19.479,17.369,15.662,,,,9.65,18.472,16.55,14.891,,,,9.7,19.475,17.366,15.659
9.6,18.474,16.551,14.892,,,,9.65,17.139,15.432,13.831,,,,9.7,18.715,16.747,15.079
9.6,18.375,16.47,14.815,,,,9.65,16.034,14.474,12.907,,,,9.7,18.47,16.548,14.889
9.6,17.141,15.434,13.833,,,,9.65,15.305,13.822,12.289,,,,9.7,17.136,15.429,13.829
9.6,16.037,14.477,12.91,,,,9.65,14.671,13.246,11.742,,,,9.7,16.029,14.47,12.904
9.6,15.31,13.827,12.294,,,,9.65,14.083,12.703,11.225,,,,9.7,15.299,13.817,12.284
9.6,14.745,13.314,11.807,,,,9.65,14.057,12.678,11.201,,,,9.7,15.225,13.75,12.221
9.6,14.674,13.249,11.744,,,,9.65,13.452,12.104,10.655,,,,9.7,14.668,13.244,11.74
9.6,14.059,12.681,11.204,,,,9.65,12.834,11.497,10.076,,,,9.7,14.403,13,11.507
9.6,13.455,12.107,10.658,,,,9.65,12.179,10.828,9.426,,,,9.7,14.054,12.675,11.199
9.6,12.838,11.501,10.079,,,,9.65,11.513,10.131,8.758,,,,9.7,13.448,12.1,10.652
9.6,12.459,11.116,9.707,,,,9.65,10.966,9.55,8.233,,,,9.7,12.829,11.492,10.071
9.6,12.187,10.836,9.433,,,,9.65,10.807,9.386,8.088,,,,9.7,12.499,11.157,9.747
9.6,11.523,10.142,8.768,,,,9.65,9.939,8.599,7.426,,,,9.7,12.171,10.819,9.417
9.6,10.823,9.402,8.102,,,,9.65,9.792,8.489,7.337,,,,9.7,11.501,10.119,8.747
9.6,9.965,8.62,7.445,,,,9.65,8.882,7.837,6.809,,,,9.7,10.789,9.368,8.072
9.6,9.34,8.159,7.071,,,,9.65,8.575,7.611,6.621,,,,9.7,9.908,8.574,7.405
9.6,8.916,7.861,6.83,,,,9.65,8.073,7.251,6.321,,,,9.7,9.303,8.13,7.046
9.6,8.212,7.351,6.405,,,,9.65,7.625,6.928,6.049,,,,9.7,8.845,7.809,6.786
9.6,8.112,7.28,6.346,,,,9.65,7.347,6.729,5.88,,,,9.7,8.172,7.32,6.378
9.6,7.982,7.186,6.267,,,,9.65,6.891,6.396,5.596,,,,9.7,8.031,7.22,6.294
9.6,7.39,6.761,5.909,,,,9.65,6.703,6.256,5.477,,,,9.7,7.949,7.161,6.244
9.6,7.117,6.563,5.74,,,,9.65,6.614,6.189,5.421,,,,9.7,7.393,6.76,5.906
9.6,6.752,6.294,5.512,,,,9.65,6.356,6.003,5.263,,,,9.7,7.299,6.692,5.848
9.6,6.623,6.198,5.43,,,,9.65,6.129,5.836,5.12,,,,9.7,7.175,6.602,5.771
9.6,6.34,5.996,5.258,,,,9.65,6.098,5.812,5.1,,,,9.7,6.745,6.285,5.5
9.6,6.153,5.857,5.141,,,,9.65,5.931,5.684,4.989,,,,9.7,6.647,6.211,5.438
9.6,6.099,5.816,5.105,,,,9.65,5.753,5.544,4.869,,,,9.7,6.627,6.196,5.424
9.6,5.886,5.653,4.965,,,,9.65,5.592,5.414,4.757,,,,9.7,6.388,6.023,5.278
9.6,5.698,5.504,4.838,,,,9.65,5.568,5.394,4.74,,,,9.7,6.174,5.865,5.143
9.6,5.628,5.447,4.789,,,,9.65,5.462,5.307,4.664,,,,9.7,6.036,5.76,5.053
9.6,5.603,5.427,4.772,,,,9.65,5.306,5.176,4.551,,,,9.7,5.985,5.721,5.019
9.6,5.419,5.276,4.641,,,,9.65,5.162,5.055,4.444,,,,9.7,5.815,5.588,4.904
9.6,5.253,5.138,4.522,,,,9.65,5.089,4.992,4.389,,,,9.7,5.661,5.464,4.797
9.6,5.154,5.055,4.449,,,,9.65,5.052,4.96,4.361,,,,9.7,5.512,5.343,4.691
9.6,5.015,4.933,4.342,,,,9.65,4.925,4.847,4.26,,,,9.7,5.499,5.333,4.682
9.6,4.878,4.812,4.234,,,,9.65,4.81,4.743,4.166,,,,9.7,5.362,5.217,4.582
9.6,4.756,4.702,4.136,,,,9.65,4.707,4.648,4.08,,,,9.7,5.227,5.103,4.481
9.6,4.737,4.684,4.12,,,,9.65,4.678,4.621,4.055,,,,9.7,5.097,4.991,4.382
9.6,4.693,4.644,4.084,,,,9.65,4.635,4.581,4.018,,,,9.7,5.016,4.92,4.319
9.6,4.585,4.544,3.993,,,,9.65,4.552,4.502,3.944,,,,9.7,4.975,4.884,4.286
9.6,4.492,4.456,3.911,,,,9.65,4.405,4.363,3.814,,,,9.7,4.866,4.785,4.197
9.6,4.409,4.377,3.838,,,,9.65,4.301,4.262,3.72,,,,9.7,4.769,4.695,4.114
9.6,4.385,4.353,3.816,,,,9.65,4.275,4.234,3.691,,,,9.7,4.683,4.614,4.038
9.6,4.37,4.339,3.802,,,,9.65,4.211,4.17,3.627,,,,9.7,4.614,4.549,3.977
9.6,4.257,4.223,3.686,,,,9.65,4.148,4.106,3.565,,,,9.7,4.548,4.487,3.919
9.6,4.2,4.161,3.621,,,,9.65,4.093,4.052,3.514,,,,9.7,4.416,4.361,3.801
9.6,4.149,4.114,3.578,,,,9.65,4.041,4.003,3.467,,,,9.7,4.401,4.347,3.788
9.6,4.094,4.063,3.534,,,,9.65,4.013,3.975,3.442,,,,9.7,4.308,4.255,3.7
9.6,4.042,4.017,3.494,,,,9.65,3.977,3.937,3.402,,,,9.7,4.202,4.15,3.597
9.6,4.019,3.996,3.476,,,,9.65,3.951,3.908,3.371,,,,9.7,4.199,4.147,3.594
9.6,3.99,3.968,3.451,,,,9.65,3.916,3.871,3.331,,,,9.7,4.144,4.088,3.534
9.6,3.912,3.894,3.385,,,,9.65,3.91,3.863,3.324,,,,9.7,4.096,4.038,3.482
9.6,3.74,3.712,3.197,,,,9.65,3.822,3.761,3.208,,,,9.7,4.073,4.015,3.459
9.6,3.655,3.613,3.085,,,,9.65,3.776,3.69,3.115,,,,9.7,4.045,3.983,3.425
9.6,3.655,3.613,3.085,,,,9.65,3.793,3.667,3.06,,,,9.7,4.023,3.957,3.395
9.6,3.616,3.543,2.984,,,,9.65,3.953,3.747,3.079,,,,9.7,3.997,3.926,3.36
9.6,3.664,3.548,2.948,,,,9.65,4.032,3.796,3.109,,,,9.7,3.966,3.886,3.314
9.6,3.89,3.679,3.008,,,,9.65,4.163,3.877,3.159,,,,9.7,3.936,3.846,3.265
9.6,4.236,3.889,3.142,,,,9.65,4.368,4,3.243,,,,9.7,3.91,3.805,3.212
9.6,4.452,4.019,3.229,,,,9.65,4.545,4.11,3.318,,,,9.7,3.921,3.794,3.184
9.6,4.578,4.094,3.279,,,,9.65,4.675,4.186,3.369,,,,9.7,3.945,3.796,3.168
9.6,4.642,4.131,3.304,,,,9.65,4.79,4.243,3.4,,,,9.7,4.134,3.896,3.208
9.6,4.815,4.178,3.294,,,,9.65,4.889,4.276,3.404,,,,9.7,4.357,4.027,3.289
9.6,4.817,4.172,3.284,,,,9.65,4.909,4.255,3.364,,,,9.7,4.541,4.138,3.363
9.6,4.759,4.09,3.189,,,,9.65,4.853,4.173,3.268,,,,9.7,4.702,4.233,3.426
9.6,4.676,3.99,3.079,,,,9.65,4.769,4.072,3.158,,,,9.7,4.839,4.308,3.472
9.6,4.576,3.871,2.951,,,,9.65,4.675,3.963,3.04,,,,9.7,4.951,4.354,3.489
9.6,4.48,3.758,2.829,,,,9.65,4.582,3.855,2.924,,,,9.7,4.991,4.342,3.455
9.6,4.381,3.643,2.705,,,,9.65,4.487,3.744,2.806,,,,9.7,4.991,4.328,3.433
9.6,4.286,3.532,2.585,,,,9.65,4.39,3.632,2.685,,,,9.7,4.962,4.283,3.38
9.6,4.188,3.417,2.46,,,,9.65,4.295,3.522,2.566,,,,9.7,4.902,4.205,3.293
9.6,4.101,3.313,2.347,,,,9.65,4.209,3.42,2.456,,,,9.7,4.822,4.11,3.19
9.6,4.016,3.209,2.233,,,,9.65,4.124,3.317,2.343,,,,9.7,4.747,4.023,3.096
9.6,3.937,3.111,2.125,,,,9.65,4.038,3.212,2.228,,,,9.7,4.655,3.916,2.982
9.6,3.862,3.016,2.02,,,,9.65,3.96,3.115,2.12,,,,9.7,4.578,3.828,2.887
9.6,3.79,2.923,1.918,,,,9.65,3.883,3.017,2.012,,,,9.7,4.482,3.718,2.769
9.6,3.722,2.836,1.821,,,,9.65,3.812,2.925,1.911,,,,9.7,4.407,3.631,2.676
9.6,3.657,2.749,1.724,,,,9.65,3.743,2.834,1.81,,,,9.7,4.313,3.522,2.557
9.6,3.594,2.663,1.628,,,,9.65,3.676,2.744,1.709,,,,9.7,4.229,3.422,2.448
9.6,3.535,2.583,1.538,,,,9.65,3.612,2.657,1.612,,,,9.7,4.143,3.318,2.335
9.6,3.478,2.503,1.448,,,,9.65,3.549,2.57,1.514,,,,9.7,4.061,3.217,2.224
9.6,3.43,2.435,1.371,,,,9.65,3.493,2.491,1.424,,,,9.7,3.98,3.115,2.112
9.6,3.383,2.368,1.295,,,,9.65,3.442,2.417,1.341,,,,9.7,3.906,3.02,2.007
9.6,3.354,2.328,1.249,,,,9.65,3.389,2.342,1.255,,,,9.7,3.834,2.926,1.902
9.6,3.371,2.358,1.285,,,,9.65,3.381,2.332,1.244,,,,9.7,3.765,2.834,1.8
9.6,3.407,2.418,1.356,,,,9.65,3.393,2.353,1.269,,,,9.7,3.697,2.743,1.699
9.6,3.409,2.422,1.361,,,,9.65,3.44,2.431,1.36,,,,9.7,3.634,2.657,1.602
9.6,3.402,2.411,1.348,,,,9.65,3.442,2.434,1.364,,,,9.7,3.575,2.574,1.508
9.6,3.345,2.327,1.252,,,,9.65,3.434,2.422,1.351,,,,9.7,3.518,2.492,1.416
9.6,3.287,2.241,1.153,,,,9.65,3.377,2.339,1.255,,,,9.7,3.465,2.416,1.329
9.6,3.237,2.159,1.058,,,,9.65,3.32,2.254,1.158,,,,9.7,3.413,2.343,1.246
9.6,3.204,2.085,0.965,,,,9.65,3.279,2.175,1.062,,,,9.7,3.406,2.333,1.235
9.6,3.172,2.011,0.873,,,,9.65,3.247,2.102,0.971,,,,9.7,3.421,2.36,1.267
9.6,3.143,1.939,0.783,,,,9.65,3.216,2.027,0.878,,,,9.7,3.462,2.427,1.346
9.6,3.116,1.868,0.694,,,,9.65,3.187,1.955,0.788,,,,9.7,3.475,2.449,1.371
9.6,3.092,1.799,0.605,,,,9.65,3.162,1.887,0.701,,,,9.7,3.453,2.417,1.335
9.6,3.071,1.732,0.52,,,,9.65,3.138,1.818,0.612,,,,9.7,3.395,2.331,1.236
9.6,3.051,1.667,0.435,,,,9.65,3.118,1.751,0.526,,,,9.7,3.349,2.253,1.144
9.6,3.035,1.604,0.353,,,,9.65,3.098,1.685,0.442,,,,9.7,3.322,2.192,1.069
9.6,3.015,1.542,0.27,,,,9.65,3.084,1.624,0.361,,,,9.7,3.29,2.118,0.977
9.6,2.974,1.482,0.187,,,,9.65,3.05,1.561,0.276,,,,9.7,3.259,2.044,0.884
9.6,2.93,1.42,0.102,,,,9.65,3.007,1.5,0.191,,,,9.7,3.231,1.973,0.794
9.6,2.886,1.361,0.022,,,,9.65,2.963,1.44,0.11,,,,9.7,3.207,1.905,0.707
9.6,2.839,1.3,-0.059,,,,9.65,2.915,1.378,0.027,,,,9.7,3.185,1.836,0.619
9.6,2.791,1.239,-0.14,,,,9.65,2.869,1.318,-0.053,,,,9.7,3.164,1.769,0.533
9.6,2.742,1.18,-0.217,,,,9.65,2.819,1.258,-0.132,,,,9.7,3.148,1.706,0.45
9.6,2.691,1.12,-0.295,,,,9.65,2.769,1.198,-0.21,,,,9.7,3.128,1.644,0.368
9.6,2.643,1.062,-0.37,,,,9.65,2.719,1.139,-0.286,,,,9.7,3.084,1.581,0.282
9.6,2.594,1.005,-0.442,,,,9.65,2.669,1.08,-0.361,,,,9.7,3.04,1.52,0.198
9.6,2.59,0.957,-0.508,,,,9.65,2.642,1.029,-0.429,,,,9.7,2.994,1.46,0.117
9.6,2.593,0.914,-0.569,,,,9.65,2.644,0.984,-0.491,,,,9.7,2.946,1.398,0.034
9.6,2.594,0.873,-0.626,,,,9.65,2.643,0.939,-0.555,,,,9.7,2.897,1.337,-0.045
9.6,2.59,0.832,-0.682,,,,9.65,2.642,0.9,-0.608,,,,9.7,2.847,1.277,-0.123
9.6,2.591,0.796,-0.734,,,,9.65,2.641,0.863,-0.66,,,,9.7,2.795,1.217,-0.201
9.6,2.591,0.763,-0.781,,,,9.65,2.641,0.825,-0.714,,,,9.7,2.747,1.158,-0.278
9.6,2.587,0.73,-0.825,,,,9.65,2.639,0.795,-0.754,,,,9.7,2.695,1.1,-0.35
9.6,2.588,0.704,-0.864,,,,9.65,2.638,0.766,-0.796,,,,9.7,2.694,1.054,-0.414
9.6,2.587,0.681,-0.896,,,,9.65,2.637,0.739,-0.836,,,,9.7,2.696,1.01,-0.476
9.6,2.584,0.665,-0.918,,,,9.65,2.633,0.719,-0.863,,,,9.7,2.693,0.968,-0.534
9.6,2.587,0.65,-0.942,,,,9.65,2.636,0.704,-0.886,,,,9.7,2.692,0.93,-0.587
9.6,2.587,0.652,-0.941,,,,9.65,2.636,0.704,-0.887,,,,9.7,2.692,0.892,-0.64
9.6,2.587,0.658,-0.934,,,,9.65,2.636,0.709,-0.881,,,,9.7,2.689,0.858,-0.686
9.6,2.587,0.678,-0.908,,,,9.65,2.636,0.727,-0.858,,,,9.7,2.688,0.829,-0.727
9.6,2.586,0.709,-0.868,,,,9.65,2.635,0.758,-0.818,,,,9.7,2.688,0.801,-0.768
9.6,2.586,0.749,-0.814,,,,9.65,2.635,0.796,-0.767,,,,9.7,2.683,0.78,-0.797
9.6,2.584,0.807,-0.736,,,,9.65,2.633,0.855,-0.69,,,,9.7,2.684,0.763,-0.821
9.6,2.585,0.877,-0.646,,,,9.65,2.634,0.92,-0.604,,,,9.7,2.687,0.755,-0.835
9.6,2.587,0.973,-0.523,,,,9.65,2.635,1.015,-0.482,,,,9.7,2.685,0.759,-0.831
9.6,2.59,1.075,-0.393,,,,9.65,2.639,1.114,-0.356,,,,9.7,2.686,0.765,-0.823
9.6,2.593,1.21,-0.223,,,,9.65,2.642,1.247,-0.187,,,,9.7,2.684,0.795,-0.784
9.6,2.601,1.355,-0.042,,,,9.65,2.649,1.39,-0.009,,,,9.7,2.683,0.826,-0.744
9.6,2.609,1.528,0.183,,,,9.65,2.657,1.564,0.217,,,,9.7,2.682,0.877,-0.675
9.6,2.611,1.574,0.243,,,,9.65,2.665,1.728,0.43,,,,9.7,2.682,0.938,-0.595
9.6,2.821,1.886,0.837,,,,9.65,2.86,1.91,0.856,,,,9.7,2.683,1.02,-0.488
9.6,2.815,1.866,0.812,,,,9.65,2.855,1.892,0.832,,,,9.7,2.685,1.117,-0.365
9.6,2.81,1.857,0.801,,,,9.65,2.85,1.883,0.821,,,,9.7,2.689,1.235,-0.214
9.6,2.805,1.855,0.8,,,,9.65,2.845,1.881,0.82,,,,9.7,2.694,1.375,-0.04
9.6,2.801,1.855,0.802,,,,9.65,2.84,1.881,0.822,,,,9.7,2.702,1.536,0.165
9.6,2.796,1.855,0.803,,,,9.65,2.835,1.881,0.824,,,,9.7,2.712,1.719,0.405
9.6,2.791,1.854,0.805,,,,9.65,2.831,1.881,0.826,,,,9.7,2.717,1.868,0.598
9.6,2.787,1.854,0.807,,,,9.65,2.826,1.881,0.828,,,,9.7,2.897,1.934,0.874
9.6,2.782,1.854,0.808,,,,9.65,2.822,1.881,0.829,,,,9.7,2.892,1.917,0.851
9.6,2.778,1.853,0.809,,,,9.65,2.818,1.88,0.831,,,,9.7,2.888,1.909,0.841
9.6,2.774,1.852,0.809,,,,9.65,2.814,1.88,0.831,,,,9.7,2.882,1.906,0.84
9.6,2.77,1.851,0.81,,,,9.65,2.809,1.879,0.832,,,,9.7,2.877,1.906,0.841
9.6,2.765,1.85,0.809,,,,9.65,2.805,1.878,0.832,,,,9.7,2.872,1.906,0.844
9.6,2.761,1.848,0.809,,,,9.65,2.801,1.876,0.832,,,,9.7,2.868,1.906,0.846
9.6,2.757,1.846,0.808,,,,9.65,2.797,1.875,0.831,,,,9.7,2.863,1.906,0.848
9.6,2.757,1.846,0.808,,,,9.65,2.797,1.875,0.831,,,,9.7,2.858,1.906,0.85
9.6,2.756,1.846,0.808,,,,9.65,2.793,1.873,0.83,,,,9.7,2.854,1.906,0.851
9.6,2.752,1.844,0.807,,,,9.65,2.79,1.871,0.83,,,,9.7,2.849,1.905,0.852
9.6,2.748,1.842,0.806,,,,9.65,2.786,1.869,0.828,,,,9.7,2.845,1.904,0.853
9.6,2.744,1.84,0.804,,,,9.65,2.783,1.867,0.827,,,,9.7,2.841,1.903,0.853
9.6,2.741,1.837,0.802,,,,9.65,2.779,1.865,0.824,,,,9.7,2.837,1.902,0.853
9.6,2.737,1.834,0.799,,,,9.65,2.776,1.862,0.822,,,,9.7,2.834,1.901,0.853
9.6,2.734,1.831,0.796,,,,9.65,2.773,1.859,0.818,,,,9.7,2.833,1.901,0.853
9.6,2.731,1.828,0.793,,,,9.65,2.772,1.858,0.817,,,,9.7,2.829,1.899,0.852
9.6,2.731,1.828,0.792,,,,9.65,2.772,1.857,0.817,,,,9.7,2.825,1.898,0.851
9.6,2.728,1.824,0.788,,,,9.65,2.769,1.854,0.813,,,,9.7,2.822,1.896,0.85
9.6,2.726,1.82,0.783,,,,9.65,2.767,1.849,0.808,,,,9.7,2.819,1.894,0.848
9.6,2.723,1.815,0.777,,,,9.65,2.765,1.845,0.802,,,,9.7,2.815,1.891,0.846
9.6,2.721,1.809,0.77,,,,9.65,2.762,1.839,0.795,,,,9.7,2.812,1.888,0.843
9.6,2.719,1.803,0.761,,,,9.65,2.76,1.833,0.787,,,,9.7,2.81,1.885,0.84
9.6,2.717,1.795,0.752,,,,9.65,2.758,1.826,0.777,,,,9.7,2.81,1.885,0.84
9.6,2.714,1.787,0.741,,,,9.65,2.756,1.817,0.766,,,,9.7,2.807,1.881,0.836
9.6,2.712,1.776,0.726,,,,9.65,2.754,1.807,0.752,,,,9.7,2.805,1.877,0.831
9.6,2.709,1.762,0.707,,,,9.65,2.752,1.796,0.737,,,,9.7,2.803,1.872,0.825
9.6,2.707,1.748,0.687,,,,9.65,2.75,1.783,0.719,,,,9.7,2.801,1.867,0.818
9.6,2.704,1.72,0.649,,,,9.65,2.747,1.753,0.677,,,,9.7,2.799,1.86,0.809
9.6,2.7,1.668,0.576,,,,9.65,2.743,1.701,0.604,,,,9.7,2.797,1.853,0.8
9.6,2.695,1.611,0.498,,,,9.65,2.739,1.648,0.531,,,,9.7,2.795,1.844,0.788
9.6,2.691,1.553,0.416,,,,9.65,2.736,1.595,0.458,,,,9.7,2.793,1.835,0.775
9.6,2.689,1.5,0.343,,,,9.65,2.735,1.54,0.381,,,,9.7,2.79,1.828,0.766
9.6,2.687,1.447,0.269,,,,9.65,2.734,1.488,0.306,,,,9.7,2.789,1.815,0.748
9.6,2.686,1.396,0.196,,,,9.65,2.734,1.438,0.236,,,,9.7,2.787,1.781,0.7
9.6,2.687,1.349,0.13,,,,9.65,2.735,1.392,0.17,,,,9.7,2.783,1.727,0.625
9.6,2.687,1.343,0.122,,,,9.65,2.729,1.374,0.144,,,,9.7,2.78,1.674,0.552
9.6,2.687,1.342,0.121,,,,9.65,2.729,1.373,0.143,,,,9.7,2.779,1.624,0.48
9.6,2.663,1.289,0.04,,,,9.65,2.714,1.34,0.093,,,,9.7,2.778,1.569,0.403
9.6,2.641,1.245,-0.026,,,,9.65,2.686,1.283,0.008,,,,9.7,2.778,1.516,0.329
9.6,2.628,1.219,-0.063,,,,9.65,2.664,1.242,-0.053,,,,9.7,2.779,1.467,0.258
9.6,2.617,1.199,-0.092,,,,9.65,2.65,1.217,-0.088,,,,9.7,2.776,1.421,0.191
9.6,2.616,1.197,-0.095,,,,9.65,2.662,1.239,-0.056,,,,9.7,2.768,1.402,0.163
9.6,2.626,1.218,-0.064,,,,9.65,2.686,1.286,0.014,,,,9.7,2.767,1.402,0.162
9.6,2.641,1.248,-0.019,,,,9.65,2.7,1.312,0.052,,,,9.7,2.752,1.368,0.112
9.6,2.652,1.269,0.012,,,,9.65,2.681,1.272,-0.008,,,,9.7,2.723,1.31,0.024
9.6,2.659,1.282,0.03,,,,9.65,2.654,1.22,-0.086,,,,9.7,2.698,1.263,-0.044
9.6,2.645,1.252,-0.014,,,,9.65,2.624,1.166,-0.163,,,,9.7,2.688,1.246,-0.068
9.6,2.619,1.202,-0.089,,,,9.65,2.59,1.113,-0.239,,,,9.7,2.707,1.281,-0.016
9.6,2.59,1.148,-0.168,,,,9.65,2.555,1.059,-0.313,,,,9.7,2.729,1.325,0.048
9.6,2.558,1.093,-0.246,,,,9.65,2.518,1.005,-0.388,,,,9.7,2.736,1.336,0.065
9.6,2.523,1.04,-0.321,,,,9.65,2.479,0.952,-0.46,,,,9.7,2.714,1.292,-0.002
9.6,2.487,0.986,-0.395,,,,9.65,2.45,0.901,-0.53,,,,9.7,2.685,1.238,-0.082
9.6,2.45,0.932,-0.469,,,,9.65,2.46,0.857,-0.594,,,,9.7,2.654,1.184,-0.159
9.6,2.412,0.88,-0.54,,,,9.65,2.468,0.818,-0.653,,,,9.7,2.619,1.13,-0.234
9.6,2.402,0.831,-0.608,,,,9.65,2.491,0.787,-0.705,,,,9.7,2.583,1.076,-0.309
9.6,2.413,0.789,-0.67,,,,9.65,2.564,0.805,-0.709,,,,9.7,2.545,1.022,-0.382
9.6,2.436,0.759,-0.723,,,,9.65,2.582,0.78,-0.752,,,,9.7,2.506,0.969,-0.454
9.6,2.507,0.771,-0.735,,,,9.65,2.589,0.748,-0.8,,,,9.7,2.504,0.924,-0.52
9.6,2.523,0.743,-0.78,,,,9.65,2.593,0.722,-0.839,,,,9.7,2.514,0.883,-0.58
9.6,2.53,0.709,-0.831,,,,9.65,2.6,0.698,-0.877,,,,9.7,2.524,0.844,-0.638
9.6,2.535,0.68,-0.875,,,,9.65,2.607,0.684,-0.901,,,,9.7,2.559,0.821,-0.684
9.6,2.541,0.654,-0.914,,,,9.65,2.614,0.677,-0.915,,,,9.7,2.622,0.839,-0.685
9.6,2.549,0.632,-0.95,,,,9.65,2.623,0.673,-0.925,,,,9.7,2.641,0.815,-0.727
9.6,2.554,0.623,-0.965,,,,9.65,2.627,0.683,-0.913,,,,9.7,2.645,0.787,-0.768
9.6,2.562,0.619,-0.976,,,,9.65,2.634,0.696,-0.898,,,,9.7,2.651,0.763,-0.805
9.6,2.569,0.617,-0.982,,,,9.65,2.639,0.721,-0.869,,,,9.7,2.659,0.744,-0.837
9.6,2.573,0.627,-0.97,,,,9.65,2.645,0.758,-0.822,,,,9.7,2.666,0.737,-0.851
9.6,2.579,0.64,-0.956,,,,9.65,2.651,0.798,-0.771,,,,9.7,2.675,0.73,-0.865
9.6,2.584,0.665,-0.925,,,,9.65,2.658,0.867,-0.682,,,,9.7,2.68,0.736,-0.86
9.6,2.59,0.701,-0.88,,,,9.65,2.667,0.945,-0.582,,,,9.7,2.686,0.749,-0.845
9.6,2.596,0.747,-0.821,,,,9.65,2.677,1.061,-0.435,,,,9.7,2.693,0.771,-0.819
9.6,2.603,0.824,-0.721,,,,9.65,2.691,1.18,-0.285,,,,9.7,2.699,0.809,-0.772
9.6,2.614,0.918,-0.601,,,,9.65,2.697,1.272,-0.169,,,,9.7,2.706,0.849,-0.722
9.6,2.624,1.024,-0.468,,,,9.65,2.696,1.233,-0.219,,,,9.7,2.711,0.908,-0.645
9.6,2.623,0.988,-0.514,,,,9.65,2.696,1.219,-0.236,,,,9.7,2.719,0.981,-0.551
9.6,2.625,1.029,-0.462,,,,9.65,2.688,1.085,-0.406,,,,9.7,2.73,1.083,-0.421
9.6,2.624,1.019,-0.474,,,,9.65,2.697,1.22,-0.236,,,,9.7,2.743,1.201,-0.272
9.6,2.623,1.006,-0.491,,,,9.65,2.695,1.184,-0.281,,,,9.7,2.756,1.337,-0.102
9.6,2.622,0.985,-0.517,,,,9.65,2.694,1.163,-0.308,,,,9.7,2.764,1.418,-0.002
9.6,2.622,0.974,-0.531,,,,9.65,2.696,1.185,-0.28,,,,9.7,2.761,1.333,-0.109
9.6,2.623,0.999,-0.5,,,,9.65,2.699,1.23,-0.224,,,,9.7,2.754,1.221,-0.249
9.6,2.625,1.023,-0.469,,,,9.65,2.703,1.288,-0.15,,,,9.7,2.753,1.199,-0.277
9.6,2.627,1.048,-0.437,,,,9.65,2.709,1.377,-0.04,,,,9.7,2.749,1.136,-0.359
9.6,2.63,1.076,-0.401,,,,9.65,2.718,1.476,0.084,,,,9.7,2.757,1.253,-0.21
9.6,2.634,1.122,-0.344,,,,9.65,2.73,1.662,0.325,,,,9.7,2.756,1.236,-0.23
9.6,2.638,1.192,-0.256,,,,9.65,2.745,1.87,0.596,,,,9.7,2.758,1.273,-0.184
9.6,2.643,1.25,-0.183,,,,9.65,2.75,2.019,0.79,,,,9.7,2.764,1.367,-0.066
9.6,2.644,1.203,-0.243,,,,9.65,2.761,2.181,0.997,,,,9.7,2.771,1.474,0.067
9.6,2.656,1.305,-0.116,,,,9.65,2.766,2.265,1.099,,,,9.7,2.78,1.611,0.242
9.6,2.677,1.661,0.341,,,,9.65,2.767,2.265,1.099,,,,9.7,2.793,1.787,0.471
9.6,2.69,1.896,0.647,,,,9.65,2.717,1.178,-0.294,,,,9.7,2.805,1.95,0.682
9.6,2.69,1.896,0.647,,,,9.65,2.688,0.905,-0.641,,,,9.7,2.81,2.096,0.872
9.6,2.634,0.914,-0.612,,,,9.65,2.61,0.646,-0.958,,,,9.7,2.821,2.258,1.079
9.6,2.608,0.728,-0.85,,,,9.65,2.622,0.666,-0.936,,,,9.7,2.831,2.397,1.247
9.6,2.516,0.563,-1.033,,,,9.65,2.68,0.815,-0.758,,,,9.7,2.837,2.474,1.338
9.6,2.531,0.574,-1.026,,,,9.65,2.73,1.21,-0.255,,,,9.7,2.784,1.338,-0.107
9.6,2.596,0.664,-0.93,,,,9.65,2.769,1.791,0.485,,,,9.7,2.751,1.008,-0.525
9.6,2.647,0.954,-0.563,,,,9.65,2.781,2.171,0.98,,,,9.7,2.673,0.715,-0.888
9.6,2.68,1.411,0.012,,,,9.65,2.789,2.363,1.215,,,,9.7,2.688,0.738,-0.863
9.6,2.704,1.841,0.571,,,,9.65,2.795,2.456,1.326,,,,9.7,2.745,0.927,-0.63
9.6,2.707,2.043,0.834,,,,9.65,2.803,2.515,1.397,,,,9.7,2.8,1.394,-0.039
9.6,2.716,2.163,0.987,,,,9.65,2.79,1.743,0.417,,,,9.7,2.842,2.015,0.758
9.6,2.723,2.234,1.072,,,,9.65,2.751,1.123,-0.373,,,,9.7,2.854,2.384,1.228
9.6,2.705,1.444,0.05,,,,9.65,2.689,0.758,-0.835,,,,9.7,2.863,2.574,1.455
9.6,2.673,0.943,-0.584,,,,9.65,2.697,0.786,-0.801,,,,9.7,2.868,2.639,1.515
9.6,2.608,0.663,-0.934,,,,9.65,2.74,0.993,-0.539,,,,9.7,2.874,2.676,1.544
9.6,2.617,0.678,-0.918,,,,9.65,2.783,1.487,0.085,,,,9.7,2.871,1.964,0.683
9.6,2.661,0.828,-0.733,,,,9.65,2.81,2.082,0.858,,,,9.7,2.823,1.258,-0.218
9.6,2.699,1.22,-0.233,,,,9.65,2.818,2.434,1.297,,,,9.7,2.758,0.852,-0.734
9.6,2.729,1.785,0.49,,,,9.65,2.82,2.588,1.465,,,,9.7,2.769,0.884,-0.694
9.6,2.734,2.143,0.957,,,,9.65,2.821,2.638,1.501,,,,9.7,2.815,1.131,-0.381
9.6,2.738,2.321,1.175,,,,9.65,2.824,2.671,1.525,,,,9.7,2.863,1.707,0.346
9.6,2.74,2.406,1.276,,,,9.65,2.829,2.05,0.811,,,,9.7,2.889,2.312,1.135
9.6,2.745,2.458,1.337,,,,9.65,2.794,1.346,-0.097,,,,9.7,2.897,2.647,1.532
9.6,2.74,1.745,0.435,,,,9.65,2.738,0.873,-0.698,,,,9.7,2.895,2.751,1.604
9.6,2.707,1.126,-0.356,,,,9.65,2.747,0.902,-0.663,,,,9.7,2.898,2.805,1.643
9.6,2.652,0.74,-0.847,,,,9.65,2.785,1.177,-0.312,,,,9.7,2.902,2.833,1.661
9.6,2.659,0.764,-0.817,,,,9.65,2.828,1.779,0.454,,,,9.7,2.909,2.263,1.067
9.6,2.696,0.966,-0.561,,,,9.65,2.846,2.345,1.186,,,,9.7,2.874,1.522,0.107
9.6,2.733,1.454,0.056,,,,9.65,2.848,2.637,1.511,,,,9.7,2.815,0.984,-0.576
9.6,2.756,2.033,0.809,,,,9.65,2.846,2.736,1.579,,,,9.7,2.824,1.03,-0.517
9.6,2.763,2.376,1.238,,,,9.65,2.846,2.777,1.605,,,,9.7,2.867,1.351,-0.109
9.6,2.764,2.527,1.404,,,,9.65,2.849,2.799,1.62,,,,9.7,2.919,2.052,0.786
9.6,2.764,2.574,1.437,,,,9.65,2.864,2.318,1.151,,,,9.7,2.932,2.586,1.462
9.6,2.766,2.603,1.459,,,,9.65,2.835,1.588,0.201,,,,9.7,2.93,2.816,1.663
9.6,2.772,2.02,0.788,,,,9.65,2.777,0.992,-0.553,,,,9.7,2.927,2.899,1.713
9.6,2.742,1.337,-0.094,,,,9.65,2.785,1.033,-0.5,,,,9.7,2.929,2.939,1.737
9.6,2.69,0.834,-0.735,,,,9.65,2.824,1.368,-0.076,,,,9.7,2.933,2.965,1.754
9.6,2.697,0.865,-0.696,,,,9.65,2.87,2.054,0.805,,,,9.7,2.953,2.561,1.427
9.6,2.732,1.133,-0.354,,,,9.65,2.883,2.578,1.461,,,,9.7,2.925,1.826,0.487
9.6,2.772,1.722,0.396,,,,9.65,2.878,2.783,1.624,,,,9.7,2.862,1.136,-0.388
9.6,2.79,2.28,1.117,,,,9.65,2.873,2.857,1.666,,,,9.7,2.872,1.192,-0.317
9.6,2.791,2.571,1.446,,,,9.65,2.874,2.894,1.688,,,,9.7,2.916,1.609,0.207
9.6,2.788,2.669,1.512,,,,9.65,2.878,2.917,1.702,,,,9.7,2.96,2.324,1.132
9.6,2.789,2.711,1.541,,,,9.65,2.901,2.572,1.451,,,,9.7,2.973,2.796,1.665
9.6,2.791,2.732,1.553,,,,9.65,2.879,1.88,0.571,,,,9.7,2.968,2.964,1.771
9.6,2.805,2.287,1.124,,,,9.65,2.815,1.124,-0.389,,,,9.7,2.962,3.035,1.811
9.6,2.779,1.58,0.206,,,,9.65,2.824,1.184,-0.314,,,,9.7,2.96,3.065,1.829
9.6,2.721,0.948,-0.593,,,,9.65,2.866,1.599,0.206,,,,9.7,2.965,3.088,1.843
9.6,2.729,0.986,-0.544,,,,9.65,2.907,2.301,1.117,,,,9.7,3,2.812,1.685
9.6,2.766,1.319,-0.123,,,,9.65,2.919,2.752,1.617,,,,9.7,2.984,2.174,0.927
9.6,2.811,1.992,0.741,,,,9.65,2.912,2.914,1.718,,,,9.7,2.915,1.334,-0.146
9.6,2.824,2.511,1.391,,,,9.65,2.906,2.982,1.756,,,,9.7,2.928,1.407,-0.056
9.6,2.82,2.719,1.559,,,,9.65,2.905,3.013,1.774,,,,9.7,2.979,1.933,0.611
9.6,2.816,2.794,1.603,,,,9.65,2.913,3.036,1.788,,,,9.7,3.02,2.633,1.502
9.6,2.817,2.832,1.625,,,,9.65,2.944,2.788,1.65,,,,9.7,3.026,2.984,1.81
9.6,2.821,2.855,1.64,,,,9.65,2.93,2.189,0.963,,,,9.7,3.012,3.117,1.885
9.6,2.844,2.56,1.445,,,,9.65,2.864,1.318,-0.152,,,,9.7,3.016,3.188,1.927
9.6,2.827,1.902,0.616,,,,9.65,2.875,1.388,-0.066,,,,9.7,3.04,3.237,1.967
9.6,2.758,1.095,-0.411,,,,9.65,2.924,1.91,0.598,,,,9.7,3.054,3.267,1.994
9.6,2.767,1.152,-0.34,,,,9.65,2.963,2.585,1.456,,,,9.7,3.064,3.038,1.857
9.6,2.81,1.563,0.175,,,,9.65,2.967,2.925,1.749,,,,9.7,3.057,2.548,1.391
9.6,2.85,2.256,1.075,,,,9.65,2.953,3.055,1.823,,,,9.7,2.992,1.633,0.215
9.6,2.862,2.698,1.56,,,,9.65,2.966,3.13,1.867,,,,9.7,3.01,1.741,0.348
9.6,2.857,2.859,1.661,,,,9.65,2.987,3.176,1.904,,,,9.7,3.068,2.348,1.131
9.6,2.853,2.93,1.701,,,,9.65,3.003,3.206,1.93,,,,9.7,3.107,2.956,1.821
9.6,2.858,2.965,1.722,,,,9.65,3.003,2.992,1.803,,,,9.7,3.106,3.209,1.981
9.6,2.869,2.993,1.74,,,,9.65,2.999,2.538,1.391,,,,9.7,3.123,3.35,2.083
9.6,2.89,2.774,1.622,,,,9.65,2.934,1.602,0.19,,,,9.7,3.171,3.446,2.176
9.6,2.878,2.225,1.025,,,,9.65,2.949,1.699,0.309,,,,9.7,3.229,3.516,2.244
9.6,2.814,1.314,-0.144,,,,9.65,3.002,2.28,1.061,,,,9.7,3.286,3.576,2.298
9.6,2.824,1.392,-0.047,,,,9.65,3.039,2.874,1.741,,,,9.7,3.173,3.323,2.071
9.6,2.876,1.921,0.625,,,,9.65,3.038,3.125,1.9,,,,9.7,3.185,3.002,1.873
9.6,2.913,2.571,1.447,,,,9.65,3.056,3.264,1.995,,,,9.7,3.121,2.116,0.803
9.6,2.917,2.888,1.704,,,,9.65,3.102,3.358,2.081,,,,9.7,3.143,2.253,0.977
9.6,2.906,3.018,1.778,,,,9.65,3.157,3.425,2.145,,,,9.7,3.198,2.828,1.696
9.6,2.932,3.103,1.833,,,,9.65,3.208,3.481,2.196,,,,9.7,3.238,3.264,2.057
9.6,2.96,3.155,1.876,,,,9.65,3.093,3.241,1.989,,,,9.7,3.267,3.493,2.217
9.6,2.982,3.192,1.908,,,,9.65,3.11,2.942,1.808,,,,9.7,3.396,3.68,2.394
9.6,2.957,2.995,1.785,,,,9.65,3.056,2.082,0.78,,,,9.7,3.618,3.868,2.554
9.6,2.962,2.622,1.499,,,,9.65,3.076,2.212,0.944,,,,9.7,3.83,4.018,2.66
9.6,2.899,1.664,0.277,,,,9.65,3.124,2.751,1.62,,,,9.7,4.053,4.155,2.738
9.6,2.914,1.773,0.416,,,,9.65,3.156,3.17,1.971,,,,9.7,29.72,29.983,30.032
9.6,2.964,2.33,1.137,,,,9.65,3.171,3.386,2.117,,,,,,,
9.6,2.999,2.877,1.729,,,,9.65,3.283,3.567,2.287,,,,,,,
9.6,2.994,3.106,1.87,,,,9.65,3.454,3.731,2.441,,,,,,,
9.6,3.037,3.26,1.983,,,,9.65,3.613,3.862,2.549,,,,,,,
9.6,3.113,3.371,2.087,,,,9.65,3.773,3.984,2.644,,,,,,,
9.6,3.188,3.452,2.161,,,,9.65,29.72,29.983,30.032,,,,,,,
9.6,3.244,3.514,2.219,,,,,,,,,,,,,,
9.6,3.07,3.263,1.998,,,,,,,,,,,,,,
9.6,3.085,3.006,1.843,,,,,,,,,,,,,,
9.6,3.038,2.214,0.959,,,,,,,,,,,,,,
9.6,3.053,2.314,1.085,,,,,,,,,,,,,,
9.6,3.107,2.846,1.734,,,,,,,,,,,,,,
9.6,3.134,3.194,1.973,,,,,,,,,,,,,,
9.6,3.173,3.417,2.137,,,,,,,,,,,,,,
9.6,3.363,3.64,2.348,,,,,,,,,,,,,,
9.6,3.657,3.882,2.553,,,,,,,,,,,,,,
9.6,3.974,4.116,2.737,,,,,,,,,,,,,,
9.6,5.059,4.829,3.241,,,,,,,,,,,,,,
9.6,29.72,29.983,30.032,,,,,,,,,,,,,,
